productCode,productName,quantityInStock,warehouseName,order_count,Total_Sales
S18_3232,"1992 Ferrari 360 Spider red",8347,East,53,1808
S18_1342,"1937 Lincoln Berline",8693,West,28,1111
S700_4002,"American Airlines: MD-11S",8820,North,28,1085
S18_3856,"1941 Chevrolet Special Deluxe Cabriolet",2378,West,28,1076
S50_1341,"1930 Buick Marquette Phaeton",7062,West,28,1074
S18_4600,"1940s Ford truck",3128,South,28,1061
S10_1678,"1969 Harley Davidson Ultimate Chopper",7933,North,28,1057
S12_4473,"1957 Chevy Pickup",6125,South,28,1056
S18_2319,"1964 Mercedes Tour Bus",8258,South,28,1053
S24_3856,"1956 Porsche 356A Coupe",6600,East,27,1052
S24_3949,"Corsair F4U ( Bird Cage)",6812,North,28,1051
S700_3167,"F/A 18 Hornet 1/72",551,North,28,1047
S18_1662,"1980s Black Hawk Helicopter",5330,North,28,1040
S18_2949,"1913 Ford Model T Speedster",4189,West,28,1038
S24_1578,"1997 BMW R 1100 S",7003,North,28,1033
S10_4757,"1972 Alfa Romeo GTA",3252,East,28,1030
S24_2300,"1962 Volkswagen Microbus",2327,South,28,1029
S12_2823,"2002 Suzuki XREO",9997,North,28,1028
S700_2610,"The USS Constitution Ship",7083,South,27,1020
S12_1108,"2001 Ferrari Enzo",3619,East,27,1019
S24_2000,"1960 BSA Gold Star DBD34",15,North,28,1015
S32_1374,"1997 BMW F650 ST",178,North,28,1014
S18_4721,"1957 Corvette Convertible",1249,East,27,1013
S24_2011,"18th century schooner",1898,South,27,1011
S24_4278,"1900s Vintage Tri-Plane",2756,North,28,1009
S10_2016,"1996 Moto Guzzi 1100i",6625,North,28,999
S18_1097,"1940 Ford Pickup Truck",2613,South,28,999
S18_2432,"1926 Ford Fire Engine",2018,South,28,998
S700_2824,"1982 Camaro Z28",6934,East,28,997
S18_4668,"1939 Cadillac Limousine",6645,West,28,995
S12_4675,"1969 Dodge Charger",7323,East,27,992
S18_3320,"1917 Maxwell Touring Car",7913,West,28,992
S50_4713,"2002 Yamaha YZR M1",600,North,27,992
S24_3151,"1912 Ford Model T Delivery Wagon",9173,West,27,991
S18_4522,"1904 Buick Runabout",8290,West,27,990
S32_3522,"1996 Peterbilt 379 Stake Bed with Outrigger",814,South,28,988
S18_2238,"1998 Chrysler Plymouth Prowler",4724,East,28,986
S10_4698,"2003 Harley-Davidson Eagle Drag Bike",5582,North,28,985
S18_2957,"1934 Ford V8 Coupe",5649,West,28,985
S700_2466,"America West Airlines B757-200",9653,North,28,984
S24_2840,"1958 Chevy Corvette Limited Edition",2542,East,28,983
S24_4258,"1936 Chrysler Airflow",4710,West,28,983
S50_1392,"Diamond T620 Semi-Skirted Tanker",1016,South,28,979
S24_1444,"1970 Dodge Coronet",4074,East,28,976
S18_3278,"1969 Dodge Super Bee",1917,East,27,974
S700_2834,"ATA: B757-300",7106,North,28,973
S12_1666,"1958 Setra Bus",1579,South,28,972
S18_1889,"1948 Porsche 356-A Roadster",8826,East,27,972
S24_1785,"1928 British Royal Navy Airplane",3627,North,28,972
S32_4289,"1928 Ford Phaeton Deluxe",136,West,28,972
S24_3371,"1971 Alpine Renault 1600s",7995,East,27,969
S18_3029,"1999 Yamaha Speed Boat",4259,South,28,966
S50_1514,"1962 City of Detroit Streetcar",1645,South,27,966
S12_3891,"1969 Ford Falcon",1049,East,27,965
S12_3148,"1969 Corvair Monza",6906,East,27,963
S10_1949,"1952 Alpine Renault 1300",7305,East,28,961
S18_1367,"1936 Mercedes-Benz 500K Special Roadster",8635,West,28,960
S72_1253,"Boeing X-32A JSF",4857,North,28,960
S18_3782,"1957 Vespa GS150",7689,North,27,959
S72_3212,"Pont Yacht",414,South,27,958
S18_2325,"1932 Model A Ford J-Coupe",9354,West,28,957
S24_2022,"1938 Cadillac V-16 Presidential Limousine",2847,West,28,955
S32_2509,"1954 Greyhound Scenicruiser",2874,South,28,955
S700_3505,"The Titanic",1956,South,27,952
S24_2766,"1949 Jaguar XK 120",2350,East,25,949
S18_3685,"1948 Porsche Type 356 Roadster",8990,East,25,948
S18_1129,"1993 Mazda RX-7",3975,East,27,947
S24_2360,"1982 Ducati 900 Monster",6840,North,27,947
S18_2625,"1936 Harley Davidson El Knucklehead",4357,North,28,945
S18_4027,"1970 Triumph Spitfire",5545,East,27,945
S24_4620,"1961 Chevrolet Impala",7869,East,27,941
S24_2841,"1900s Vintage Bi-Plane",5942,North,28,940
S24_1937,"1939 Chevrolet Deluxe Coupe",7332,West,28,937
S32_3207,"1950's Chicago Surface Lines Streetcar",8601,South,27,934
S700_1138,"The Schooner Bluenose",1897,South,27,934
S12_1099,"1968 Ford Mustang",68,East,27,933
S10_4962,"1962 LanciaA Delta 16V",6791,East,28,932
S12_3380,"1968 Dodge Charger",9123,East,27,925
S24_3816,"1940 Ford Delivery Sedan",6621,West,28,923
S18_1749,"1917 Grand Touring Sedan",2724,West,25,918
S18_3259,"Collectable Wooden Train",6450,South,27,918
S18_1984,"1995 Honda Civic",9772,East,27,917
S18_2581,"P-51-D Mustang",992,North,28,917
S18_3482,"1976 Ford Gran Torino",9127,East,27,915
S24_1628,"1966 Shelby Cobra 427 S/C",8197,East,25,915
S18_1589,"1965 Aston Martin DB5",9042,East,25,914
S24_2972,"1982 Lamborghini Diablo",7723,East,27,912
S32_1268,"1980’s GM Manhattan Express",5099,South,28,911
S18_3136,"18th Century Vintage Horse Carriage",5992,West,28,907
S32_2206,"1982 Ducati 996 R",9241,North,27,906
S12_3990,"1970 Plymouth Hemi Cuda",5663,East,27,900
S32_4485,"1974 Ducati 350 Mk3 Desmo",3341,North,27,898
S700_1938,"The Mayflower",737,South,27,898
S700_2047,"HMS Bounty",3501,South,28,897
S700_3962,"The Queen Mary",5088,South,27,896
S24_3432,"2002 Chevy Corvette",9446,East,25,894
S700_1691,"American Airlines: B767-300",5841,North,28,894
S24_3420,"1937 Horch 930V Limousine",2902,West,28,884
S18_3140,"1903 Ford Model A",3913,West,27,883
S18_2795,"1928 Mercedes-Benz SSK",548,West,28,880
S24_2887,"1952 Citroen-15CV",1452,East,24,873
S24_3191,"1969 Chevrolet Camaro Z28",4695,East,25,870
S24_4048,"1992 Porsche Cayenne Turbo Silver",6582,East,27,867
S18_4409,"1932 Alfa Romeo 8C2300 Spider Sport",6553,West,25,866
S18_2870,"1999 Indy 500 Monte Carlo SS",8164,East,25,855
S18_2248,"1911 Ford Town Car",540,West,25,832
S24_3969,"1936 Mercedes Benz 500k Roadster",2081,West,25,824
S24_1046,"1970 Chevy Chevelle SS 454",1005,East,25,803
S18_4933,"1957 Ford Thunderbird",3209,East,24,767
S18_3233,"1985 Toyota Supra",7733,East,0,NULL
